posts,followers,following,gender
2276,1125,1611,M
1897,1015,807,F
1494,7672,734,F
959,5516,1425,F
921,1918,1370,F
855,6122,2830,M
722,350,1349,F
710,47,1344,F
646,1776,1791,F
636,964,1030,M
551,224,333,F
541,772,1262,F
524,37,47,M
509,509,492,M
499,819,1261,F
496,1257,1002,F
456,480,525,F
434,1234,832,F
375,1309,1260,F
358,710,1621,F
346,871,986,F
342,5159,2420,M
315,4142,3001,F
308,619,789,F
295,1679,1469,F
290,1098,982,F
287,1414,1039,F
279,496,2681,F
279,2007,1002,F
279,681,497,F
277,85,88,F
266,1245,1540,F
263,1731,2318,F
263,718,1657,F
256,1534,5093,F
251,2384,950,F
250,654,912,F
244,1385,898,F
243,2131,2270,F
243,1052,1159,F
235,995,475,M
231,682,608,F
229,892,756,F
227,4609,2184,F
227,670,1489,F
226,1814,1852,F
225,772,577,F
224,1329,967,F
223,927,749,F
223,892,555,F
221,2025,857,F
217,582,519,F
215,763,1000,F
213,813,1040,F
206,354,815,F
205,2811,1519,F
196,182,1357,F
195,561,607,F
189,1044,2686,F
186,2106,1877,F
183,1125,1260,F
183,1049,1048,F
183,210,507,F
182,664,1732,M
182,798,1415,M
180,3983,1767,F
180,590,598,F
178,1382,844,F
173,1083,1108,F
172,1111,782,F
171,399,784,F
167,1413,796,F
165,974,1113,F
160,769,1051,F
157,540,358,F
156,372,1609,M
156,664,625,F
155,316,393,F
154,359,81,F
151,866,503,F
149,712,1061,F
147,528,947,M
144,793,655,F
140,2118,3521,M
139,452,1634,F
137,538,1017,F
136,686,1150,M
136,883,1148,F
134,1005,1740,F
134,1119,1468,F
134,1764,1442,F
133,1370,1035,F
133,1184,1013,F
132,4470,2172,F
131,445,991,F
128,1059,1241,F
123,1753,964,F
123,319,522,F
121,1717,1135,M
121,63,65,F
120,1161,1576,F
119,573,726,F
116,822,1509,F
115,1354,1239,F
115,619,872,F
114,813,802,M
113,1251,1895,F
111,1535,1222,F
111,421,832,F
110,1376,2202,F
110,656,1128,F
109,1058,1089,F
109,1232,907,F
107,1653,2411,F
106,1077,1110,M
105,1456,841,F
104,48,49,F
101,933,984,M
101,919,918,F
98,391,436,F
97,3006,2972,F
95,247,1171,F
95,607,416,M
93,603,594,M
92,419,646,F
91,572,1649,F
91,1112,926,F
90,1827,959,M
90,406,905,F
90,515,601,F
89,1599,1583,M
88,1065,1192,M
88,927,843,F
88,414,646,F
88,281,421,F
86,878,1837,F
86,659,1078,F
85,928,928,M
84,1318,1304,F
84,837,877,F
83,721,925,M
83,589,741,F
83,687,671,F
82,1091,1088,M
82,157,1078,F
81,562,1549,F
80,1305,781,F
79,296,787,M
79,73,76,M
78,1473,4241,M
78,2001,1608,F
78,685,1005,M
78,438,588,F
77,975,3243,M
77,1423,1212,F
76,639,705,F
76,604,691,M
75,919,1997,M
75,789,764,F
73,800,468,F
72,450,714,F
72,497,474,M
71,1498,1136,F
71,868,986,F
71,328,661,F
71,672,613,F
70,1133,933,F
70,340,390,F
69,879,1282,F
69,1338,1003,F
68,840,924,M
68,676,794,F
68,423,397,F
67,805,1101,F
67,876,998,F
67,912,910,F
67,529,584,F
66,946,888,M
66,577,513,M
65,904,883,F
65,409,674,F
64,720,1094,F
64,756,751,F
64,198,534,F
64,208,272,F
63,72,98,F
61,821,810,F
61,526,810,M
61,512,637,F
61,535,563,F
61,658,544,M
59,740,813,F
59,119,89,F
58,1506,1910,M
58,622,1404,F
58,320,529,F
57,2518,2777,F
57,1017,972,F
57,974,736,F
57,534,551,F
56,1030,1488,F
56,492,1037,F
54,841,1256,F
54,403,1050,M
54,824,1028,F
54,1093,1018,F
54,646,638,M
54,754,526,M
53,1283,1256,M
53,618,1169,F
53,895,876,F
53,513,592,F
52,1072,1094,F
52,904,953,F
52,1021,871,M
52,1094,830,F
51,1265,1157,F
50,680,598,F
50,278,359,F
49,988,1225,M
49,1392,1089,F
49,1229,1064,F
48,1054,2162,M
48,831,776,F
47,1097,1036,F
47,552,993,M
46,1514,1018,F
46,869,896,F
45,433,983,F
45,161,435,F
44,969,984,F
44,760,810,F
44,777,797,F
44,403,760,F
44,385,628,F
44,162,180,F
43,1476,1343,F
43,598,955,F
43,827,937,F
43,975,880,F
43,1144,836,F
43,1129,803,M
43,1313,779,F
43,571,719,M
42,561,4684,F
42,1335,1029,F
42,1003,999,F
42,1045,998,F
42,718,782,F
42,559,426,M
41,466,912,F
41,876,873,M
41,543,503,F
40,1342,1027,M
40,903,985,M
40,433,922,F
40,1291,766,F
40,413,413,M
40,192,402,F
40,352,359,M
40,85,60,F
39,1366,1367,F
39,652,970,F
39,433,928,F
39,1158,841,F
39,451,668,F
39,821,378,F
39,330,269,M
39,279,162,M
38,380,994,F
38,659,864,F
38,458,555,M
38,396,401,F
38,651,290,M
38,42,0,F
37,648,1755,F
37,875,1132,F
37,1364,738,F
37,444,621,M
37,263,357,M
37,199,278,M
37,509,275,F
36,660,2090,M
36,631,1110,F
36,653,856,M
36,504,778,F
36,975,762,F
36,440,638,F
36,355,592,F
36,415,510,F
36,317,57,F
35,1239,1458,M
35,114,449,M
34,1221,1184,F
34,1676,981,M
34,633,849,F
34,1364,812,F
34,387,745,M
34,713,439,F
34,332,398,M
34,86,88,F
33,1065,1579,F
33,487,1133,F
33,909,996,M
33,648,913,F
33,817,801,F
33,1298,725,M
33,673,670,M
33,472,660,F
33,468,524,M
33,474,490,M
32,663,924,F
32,638,848,F
32,473,543,F
32,234,375,M
31,777,781,M
31,337,327,M
31,87,122,F
30,1270,2624,F
30,1108,1629,M
30,654,664,F
30,596,572,F
30,308,373,M
29,659,1174,F
29,795,996,F
29,1064,917,F
29,319,679,M
29,683,483,F
28,753,1548,F
28,1138,1003,M
28,759,999,F
28,290,571,M
28,311,411,M
28,341,371,F
28,271,327,M
27,1023,1036,F
27,644,648,M
27,465,586,M
27,545,509,F
27,195,369,F
26,1065,984,F
26,989,969,M
26,919,684,F
26,487,522,M
26,451,425,M
26,293,369,F
26,341,229,F
25,522,1121,F
25,1143,1099,M
25,1545,1002,F
25,471,622,M
25,439,323,M
25,190,175,F
24,815,1257,M
24,1254,1095,M
24,617,1010,M
24,1928,1005,M
24,1145,932,F
24,255,821,M
24,1006,801,F
24,306,332,M
23,858,3831,F
23,1564,977,M
23,428,871,M
23,1211,851,M
23,592,721,F
23,825,577,F
23,587,563,F
23,344,493,M
23,259,438,M
23,225,332,F
23,143,260,M
22,1228,1315,M
22,1179,1000,M
22,558,987,F
22,1046,976,F
22,1334,912,F
22,385,369,F
21,1610,998,M
21,712,928,F
21,887,867,M
21,905,845,M
21,160,796,M
21,407,704,M
21,288,317,M
21,141,143,F
20,400,548,F
20,319,325,F
20,167,281,M
19,304,907,M
19,629,620,M
19,476,516,F
19,238,398,F
19,388,371,M
19,125,262,F
18,789,1029,F
18,1060,885,F
18,429,723,F
18,502,682,M
18,386,618,M
18,483,595,F
18,501,465,F
18,202,271,M
18,12,15,F
17,1265,2135,F
17,1111,1617,F
17,298,548,F
17,627,520,F
17,496,463,M
17,275,431,M
17,141,193,M
16,699,1716,F
16,847,1643,M
16,865,1466,F
16,907,1232,F
16,855,991,M
16,1408,975,M
16,815,862,M
16,730,744,M
16,1099,720,M
16,401,705,M
16,1227,683,M
16,657,672,F
16,291,351,F
16,334,309,F
16,550,286,M
16,150,102,F
16,49,51,F
16,13,12,F
15,415,1733,F
15,18,1677,M
15,523,1438,M
15,1246,1304,F
15,613,849,M
15,963,844,F
15,761,804,F
15,939,796,F
15,755,749,M
15,717,707,F
15,721,661,F
15,398,592,F
15,578,586,F
15,240,535,M
15,477,417,M
15,441,354,M
15,434,247,M
14,1072,2552,F
14,210,1299,F
14,847,1090,F
14,830,693,M
14,614,611,M
14,435,450,M
14,235,270,M
13,1433,1272,M
13,1138,1014,F
13,355,900,M
13,842,780,F
13,530,609,M
13,507,503,F
13,312,458,M
13,371,340,M
12,1660,1585,F
12,1027,1228,F
12,1580,1140,F
12,638,1054,F
12,586,978,F
12,1262,946,F
12,303,806,M
12,675,777,F
12,497,738,M
12,204,346,F
12,445,317,F
12,109,95,F
12,30,32,F
11,5559,6221,M
11,864,2517,F
11,849,1553,F
11,697,1350,M
11,1631,1120,F
11,1053,1074,F
11,701,744,F
11,605,550,M
11,339,523,M
11,519,483,M
11,273,465,M
11,348,390,F
11,150,240,M
10,661,1159,F
10,917,1062,F
10,722,980,F
10,898,893,F
10,370,658,M
10,294,542,M
10,534,496,M
10,527,478,M
10,199,379,F
10,197,327,F
10,244,267,F
10,117,190,F
10,89,135,F
10,38,49,M
9,718,1660,F
9,409,924,M
9,954,903,F
9,683,735,M
9,281,686,F
9,705,525,F
9,778,508,M
9,345,459,F
9,176,403,F
9,276,360,M
9,262,356,M
9,270,255,F
9,100,220,M
9,118,16,M
8,282,1271,M
8,775,824,M
8,649,813,M
8,962,700,F
8,395,697,M
8,509,623,M
8,642,594,F
8,620,566,F
8,359,493,M
8,937,415,M
8,287,279,F
8,129,234,F
7,340,1073,F
7,302,990,F
7,761,857,F
7,1163,852,F
7,683,719,M
7,466,692,M
7,275,633,M
7,704,574,M
7,667,493,M
7,471,487,M
7,308,313,M
7,296,291,M
7,202,273,M
7,237,241,M
7,78,139,M
7,112,112,M
6,673,1324,M
6,1248,650,F
6,639,627,F
6,1315,604,M
6,515,507,F
6,678,462,F
6,281,372,F
6,270,309,F
6,620,209,F
6,149,196,M
6,111,114,M
5,423,935,F
5,915,788,F
5,232,748,F
5,507,686,M
5,875,658,M
5,614,599,F
5,957,586,F
5,627,576,M
5,516,566,M
5,524,541,F
5,528,532,M
5,520,410,F
5,687,399,F
5,525,399,M
5,312,315,M
5,797,306,F
5,508,239,F
5,103,119,M
4,957,1537,F
4,559,876,F
4,399,856,F
4,324,818,M
4,712,758,M
4,163,723,M
4,524,710,F
4,575,676,F
4,856,591,F
4,978,555,M
4,323,493,F
4,433,426,M
4,381,377,F
4,217,346,M
4,197,208,M
4,228,187,M
4,32,29,M
3,1104,2566,M
3,781,2154,M
3,644,1224,F
3,727,1001,M
3,851,921,F
3,526,887,F
3,1142,866,M
3,578,800,M
3,957,765,F
3,784,740,F
3,538,713,M
3,556,564,M
3,431,544,M
3,572,503,M
3,244,409,M
3,425,352,M
3,405,306,M
3,476,268,M
3,167,196,M
3,63,8,M
2,974,2303,F
2,1024,1417,M
2,67,1322,F
2,555,889,M
2,499,677,F
2,318,619,F
2,601,614,F
2,469,589,M
2,659,568,M
2,1793,493,M
2,390,464,M
2,356,445,F
2,266,414,M
2,347,396,F
2,269,385,M
2,250,375,M
2,499,352,M
2,179,331,M
2,122,312,F
2,230,237,M
2,239,224,F
2,156,206,M
1,3378,3008,M
1,1149,2756,M
1,569,1869,F
1,415,1201,M
1,509,966,F
1,944,849,F
1,243,830,M
1,396,796,M
1,788,746,M
1,585,740,M
1,597,694,F
1,578,693,F
1,188,692,M
1,373,676,M
1,457,570,M
1,1562,550,F
1,695,532,F
1,402,513,M
1,223,412,M
1,219,402,M
1,283,293,M
1,675,245,M
1,166,237,F
1,124,190,M
1,60,117,M
1,430,110,F
1,48,109,M
1,63,94,M
1,25,25,F
0,450,3159,F
0,658,2504,F
0,366,1232,M
0,768,1186,F
0,415,1106,M
0,787,992,M
0,571,978,F
0,490,894,F
0,653,892,F
0,614,888,M
0,525,865,M
0,815,690,F
0,485,683,M
0,449,675,F
0,596,594,F
0,815,580,F
0,408,573,M
0,392,566,M
0,333,560,M
0,609,541,F
0,344,527,M
0,78,527,M
0,384,523,M
0,534,506,M
0,366,497,M
0,467,451,F
0,445,442,M
0,212,410,M
0,603,408,M
0,383,402,F
0,355,397,F
0,322,365,M
0,385,356,M
0,476,342,F
0,416,340,M
0,387,334,M
0,173,325,M
0,394,323,M
0,201,318,F
0,233,316,M
0,316,305,F
0,354,300,M
0,300,279,F
0,642,256,F
0,361,252,M
0,277,237,F
0,304,224,M
0,145,221,M
0,403,205,M
0,162,181,F
0,106,176,M
0,118,136,M
0,98,128,F
0,61,122,F
0,51,114,M
0,78,88,F
0,81,83,F
0,90,82,M
0,60,79,F
0,71,76,M
0,55,66,F
0,51,62,M
0,50,60,F
0,22,22,F
